Index,Organization Id,Name,Website,Country,Description,Founded,Industry,Number of employees
501,8F3D5626D7D4F41,Ramos Ltd,https://www.werner-holder.biz/,Gambia,Focused zero administration open system,2018,Computer / Network Security,9088
502,318C1F58cFcBda9,Weaver-Barnett,https://www.patton-ayers.com/,Belarus,Managed disintermediate moderator,1991,Business Supplies / Equipment,8600
503,ab7EcA27EcCbc44,Macdonald PLC,https://www.brown.biz/,Rwanda,Horizontal neutral algorithm,1971,Gambling / Casinos,9950
504,69DCF87B76e8d91,Coffey-Hooper,http://mendoza-burnett.com/,Eritrea,Phased heuristic strategy,2007,Pharmaceuticals,2660
505,61dA9fefC27c3a9,Ayers-Hernandez,https://case.com/,India,Cross-group logistical success,1992,Higher Education / Acadamia,5982
506,795195c9db5E1c0,Cline-Heath,http://www.walter.net/,Chad,Fundamental national data-warehouse,2020,Computer Networking,6977
507,c32ab921aCa1B00,"Rivera, Russo and Romero",https://www.wells-romero.com/,Nicaragua,Versatile leadingedge analyzer,1993,Package / Freight Delivery,8848
508,4aE70BE74F2674D,"Hardy, Ellis and Hopkins",http://www.sampson-johnson.org/,Moldova,Multi-tiered web-enabled initiative,2009,Library,4990
509,3f665DEB1D8d4E9,Gray and Sons,http://dodson.com/,China,Virtual system-worthy adapter,1980,Packaging / Containers,8303
510,f3B2e86f669AbA9,Hogan-Rodgers,https://garner-moreno.net/,Marshall Islands,Programmable stable interface,1970,Glass / Ceramics / Concrete,5029
511,0FAfCa3DCbdb5C5,Baxter-Morgan,https://www.parsons.org/,Saudi Arabia,Balanced value-added access,2005,Paper / Forest Products,545
512,aFEAF6bEef0db13,Frederick-Singh,https://levy-david.com/,Chile,De-engineered system-worthy help-desk,1971,Fine Art,5687
513,778FB7e29D989a6,"Harvey, Pennington and Richard",http://lara.com/,Hungary,User-centric methodical groupware,2016,Computer Hardware,3894
514,41EC4DDD3F62BBC,"Arroyo, Garcia and Patterson",http://www.martin.com/,Denmark,Sharable grid-enabled Internet solution,2020,Wireless,9235
515,90ACD16eC3fFE95,Lynch Ltd,http://robertson.com/,Northern Mariana Islands,Adaptive transitional intranet,1983,Outsourcing / Offshoring,2369
516,1efcc32edE60fca,Rios-Walsh,http://www.hays-berry.com/,Thailand,Reactive attitude-oriented adapter,1973,Renewables / Environment,3747
517,D6a73E79088828f,Sanford Inc,http://www.livingston.com/,Sao Tome and Principe,Function-based leadingedge structure,1997,Professional Training,5994
518,DAD2bd3ae5cE86D,Vasquez-Ochoa,https://www.rose.com/,Cuba,User-centric asymmetric framework,1983,Packaging / Containers,4878
519,BdE60A0ba20f8EC,"Bean, Hudson and Velasquez",http://kramer.com/,Saint Barthelemy,Down-sized tangible alliance,2001,Writing / Editing,7395
520,7D2AD65fddd66C5,Drake PLC,http://www.kane.com/,Mali,Cross-group human-resource framework,2009,Warehousing,4793
521,0a55B0f24D3Eeb1,Weeks-Joseph,http://www.hartman.org/,United Kingdom,Persevering hybrid paradigm,1970,Mining / Metals,4528
522,df5374b39F2fF79,Villegas-Liu,http://kemp-lucero.com/,Malaysia,Synergized 24hour system engine,1991,Mental Health Care,9517
523,95eC7F1C0C5a9F5,"Daniels, Whitney and Valenzuela",https://sosa.com/,Russian Federation,Face-to-face foreground initiative,1988,Human Resources / HR,6869
524,788906D5EDDABE1,Lucero-Trevino,https://palmer.com/,Iran,Extended bandwidth-monitored monitoring,2018,Think Tanks,6403
525,df66E70fAE1aa5d,Barnett-Randolph,http://donaldson.com/,Algeria,Centralized 24hour adapter,1998,Automotive,7518
526,c3B6DFAaa57f88C,"Diaz, Mercer and Yoder",http://www.thornton-rosales.net/,Dominican Republic,Multi-lateral foreground task-force,2013,Medical Practice,4077
527,Ce017B247DB1EDE,Mcmahon and Sons,http://copeland.com/,British Virgin Islands,Re-contextualized 24hour secured line,1997,Medical Practice,6029
528,244f2BdbB45DCBc,Wiley and Sons,https://huerta.com/,Antigua and Barbuda,Upgradable real-time encoding,1994,Transportation,6177
529,bde405D2e490EBe,Salazar-Hanson,https://www.berry.com/,Andorra,Self-enabling empowering focus group,1988,Biotechnology / Greentech,92
530,dE66a10fAf4e5B1,Tanner-Webster,https://www.wu.com/,Chad,Programmable full-range emulation,2006,Pharmaceuticals,4176
531,F98B8cdDCB4FfEd,"Parker, Cherry and Jimenez",https://hanson.info/,Sierra Leone,Face-to-face object-oriented website,2016,Oil / Energy / Solar / Greentech,4261
532,59cFbb4DA336DCb,Briggs PLC,https://randall.info/,Swaziland,Centralized static toolset,1991,Wine / Spirits,5245
533,6e6BF4D43DdFbCd,"Stephenson, Ashley and Chung",http://www.fry.com/,Suriname,Centralized context-sensitive Local Area Network,1974,Glass / Ceramics / Concrete,9716
534,fa302496C8b81dE,Salazar Ltd,https://www.horton-clarke.com/,Cuba,Robust solution-oriented frame,1999,Information Services,2730
535,bcF355a517CB541,"Decker, Wang and Barajas",http://smith.com/,French Southern Territories,Open-architected uniform throughput,1981,Commercial Real Estate,871
536,4cD5fA2EDeADB49,Meza-Schneider,https://www.decker.net/,Monaco,De-engineered non-volatile framework,2015,Religious Institutions,4631
537,994AAd9baA0bef3,Guzman LLC,https://walter-stevens.net/,Chad,Configurable regional focus group,1973,Banking / Mortgage,2251
538,91fC21F3fF0C6A4,Rollins-Meyer,https://www.rosales-stark.com/,Egypt,Phased foreground Graphical User Interface,1996,Biotechnology / Greentech,7454
539,2f417d8EDbecdDA,Copeland-Hobbs,http://davila.org/,Portugal,Enterprise-wide heuristic Graphical User Interface,1991,Computer / Network Security,2174
540,B87a9762ff1eCDC,Mcconnell-Sheppard,https://www.hinton-howard.com/,Cape Verde,Reverse-engineered demand-driven capacity,1995,Primary / Secondary Education,9808
541,979Fc3e02c5f6FC,"Zhang, Sosa and Ayala",http://conrad.com/,Palestinian Territory,Object-based 4thgeneration website,1987,Military Industry,859
542,F7c7DfFB1d299cA,Morris Ltd,http://potter-lutz.com/,Tonga,Persevering zero tolerance forecast,2000,Outsourcing / Offshoring,1351
543,624F5E1C3C0f0a0,"Pierce, Gallegos and Knox",https://www.neal.net/,France,Synchronized real-time conglomeration,2016,Fine Art,6016
544,caa9F2DcfE626cE,Daniels and Sons,https://www.harrison.com/,Saint Vincent and the Grenadines,Cross-platform dedicated Local Area Network,2014,Defense / Space,4354
545,Adbab402A9cC80a,"Hickman, Valentine and Krause",https://reyes.net/,Northern Mariana Islands,Decentralized coherent protocol,1992,Furniture,56
546,Ae2B2DE902c631b,Horton LLC,https://burnett-chase.com/,Puerto Rico,Persistent fault-tolerant Local Area Network,1984,Financial Services,9917
547,A428fB0F7d1ADa4,"Shah, Robbins and Nielsen",http://www.faulkner-zamora.com/,Grenada,Multi-tiered real-time synergy,2011,Airlines / Aviation,4522
548,CfC7683A8cee57D,Armstrong-Griffith,https://www.vaughan.biz/,Kyrgyz Republic,Ergonomic optimizing groupware,2020,Plastics,8509
549,f0a58aa2dB37dda,"Gutierrez, Vasquez and Austin",https://www.hurley-huynh.com/,Ecuador,Synergistic actuating secured line,2009,Furniture,5052
550,B69FbB8d50E9aBC,"Sheppard, Gould and Boyd",http://atkinson.com/,Malawi,Persevering optimizing time-frame,1971,Legal Services,6877
551,02c7Ad4B6D0a2DE,"Harrison, Banks and Bradford",https://simon.net/,Liechtenstein,Progressive explicit budgetary management,1976,Events Services,2991
552,6FB2023D97790C7,Dunlap-Fritz,http://jennings-kerr.info/,Indonesia,Self-enabling mission-critical database,1990,Textiles,8677
553,62C64FB9dcD9ce5,George Ltd,https://www.sheppard.com/,Niger,Devolved client-server hub,2015,Real Estate / Mortgage,7296
554,B052E13Ef7e952A,"Castaneda, Floyd and Mcdaniel",http://www.fuentes.com/,Nigeria,Reverse-engineered uniform firmware,2011,Airlines / Aviation,6844
555,5107ad80B54AFdF,"Roberson, Fuller and Oneill",http://vega.org/,United Kingdom,Quality-focused secondary policy,1988,Government Administration,1501
556,3027fa2EdAEf05a,"Stein, Gomez and Garrison",http://manning-murphy.com/,Saudi Arabia,Ameliorated exuding workforce,1975,Food / Beverages,8793
557,Bd5E1A9A3F0f95A,Riddle-Griffith,http://boyd.com/,Angola,Balanced client-server matrix,1972,Fishery,1213
558,4eB2ba5BDadcAbb,Snyder Group,http://www.harper.org/,Estonia,Optimized stable open system,1998,Commercial Real Estate,1363
559,BaB1Df6EAa15de3,English Ltd,https://www.hahn.com/,Marshall Islands,Multi-tiered disintermediate policy,1970,Recreational Facilities / Services,1820
560,3cc7dd7c3bB57c9,Ponce-Charles,http://joyce-walter.com/,Western Sahara,Seamless leadingedge focus group,1987,Government Relations,3598
561,E0c34C4C54d52fe,Solis-Cortez,http://www.hamilton.com/,Guinea-Bissau,Versatile intangible portal,1996,Facilities Services,9069
562,ABF8dCCaBe179F9,Dodson-Lam,https://www.guzman.org/,Cyprus,Balanced 6thgeneration core,1984,Judiciary,9440
563,B7B5ca3592086ed,"Joyce, Chambers and Monroe",https://potts.com/,Congo,Configurable asynchronous protocol,2004,Animation,9684
564,089aec7Dc0e8E4e,Kidd PLC,http://friedman.com/,Sweden,Right-sized directional system engine,1998,Publishing Industry,434
565,B018AfA049f1ec9,Brock Inc,https://www.vincent.com/,Martinique,Expanded value-added service-desk,1973,Fishery,8840
566,EbC6f1af4dFd56b,Jarvis LLC,https://www.delgado.com/,Tunisia,Digitized bi-directional time-frame,1992,Renewables / Environment,9151
567,f07D1c97e06D8c2,Garrison and Sons,https://watkins-hoffman.biz/,Puerto Rico,Digitized bottom-line access,1998,Package / Freight Delivery,8166
568,4CD5cC59B0AA9c5,"Bird, Ferrell and Hughes",http://mooney.com/,Bulgaria,Distributed national time-frame,2005,Cosmetics,6336
569,fb9ca60B6CEF6da,Barrett Inc,https://www.dalton.com/,Greece,Up-sized optimizing process improvement,2015,Furniture,2624
570,EcDbf14F9f876D7,"Manning, Mcpherson and Robertson",https://king.org/,France,Switchable coherent functionalities,1979,Plastics,8644
571,31aeBa479968aF3,"Dunn, Dillon and Blair",http://jensen-romero.com/,Belgium,Horizontal 24hour open system,2015,Printing,5962
572,5CB0bBca289679c,Bright-Summers,http://www.yoder-coffey.com/,Benin,Front-line mission-critical interface,2004,Writing / Editing,5406
573,D9A26D0e83CbBCe,Bradshaw-Navarro,http://roberts.com/,Latvia,Polarized disintermediate methodology,2003,Management Consulting,3113
574,F6bD3aDFAeddFDE,"Frost, Orr and Odonnell",https://www.leach.net/,Sierra Leone,Multi-lateral high-level process improvement,1998,Farming,1951
575,edbCE3CdFcB93fb,Chase-Chandler,http://www.fritz.com/,Namibia,Right-sized client-server open system,1991,Construction,117
576,7deB9B07d11278e,Pineda-Vaughan,https://richard.info/,United States of America,Assimilated responsive definition,1981,Sporting Goods,8635
577,3E5AFfb1dEBd0F9,Gross-Holloway,https://www.jennings.org/,Hong Kong,Ameliorated bottom-line knowledgebase,2020,Plastics,8389
578,3D41753AADAc2FB,Mueller Group,https://www.nichols.com/,Albania,Function-based value-added moratorium,1972,Graphic Design / Web Design,956
579,cAEBe8A60d46f16,Torres-Preston,https://www.waller.info/,Sweden,Implemented real-time concept,1991,Warehousing,9540
580,6bC62F2c0fcfb43,"Horne, Hartman and Flowers",http://www.erickson.net/,Lebanon,Profound homogeneous throughput,1970,Internet,1312
581,bdd84B1b8edF08E,Franco-Valdez,https://www.hughes.biz/,Spain,Cross-group static product,2014,Entertainment / Movie Production,5674
582,f7ADc494C906Cc8,"Cantrell, Cervantes and Foster",http://mcconnell.com/,Tanzania,Switchable reciprocal focus group,2007,Furniture,1915
583,2D66c5BC84d36bf,"Estes, Poole and Henderson",http://www.humphrey.com/,Italy,Synergized demand-driven functionalities,1981,Consumer Goods,5842
584,a24DFD5Ad79C3a7,Mccullough-Zavala,http://www.thornton.biz/,Kiribati,Focused holistic functionalities,1993,Plastics,8897
585,Db82Eaf8e7A59AF,Hess-Shelton,http://www.hendricks-rodgers.org/,British Indian Ocean Territory (Chagos Archipelago),Multi-layered user-facing middleware,2014,Consumer Electronics,7188
586,FDdF45e1defEBBC,Ware LLC,http://pratt.net/,Cuba,Decentralized client-driven throughput,1998,Real Estate / Mortgage,9941
587,f7fd306cDfC11F9,Hopkins-Shelton,https://www.colon-sexton.com/,Mayotte,Open-source analyzing success,2009,Investment Banking / Venture,4109
588,dDdBDDfcFF9f56F,Mcknight Group,https://hess-mcfarland.com/,Guam,Optimized impactful productivity,1980,Performing Arts,2616
589,27420Ce389Eb0Ef,Jackson-Mueller,http://schneider.com/,Suriname,Programmable bandwidth-monitored middleware,1982,Financial Services,6715
590,E4A91c4dae32af6,Skinner Inc,https://preston.com/,Germany,Programmable logistical superstructure,1982,Mining / Metals,4738
591,3Ae10048c7C56ea,Humphrey PLC,https://gallegos.com/,Saint Lucia,Up-sized upward-trending process improvement,2009,Computer / Network Security,6285
592,C3Ba071A2Bb4d6F,"Bolton, Diaz and Kent",http://www.luna.net/,Bolivia,Persistent demand-driven architecture,1999,Information Services,1053
593,9Addc5Cf1F594a3,"Mason, Young and Evans",https://orr-duarte.com/,Poland,Managed reciprocal infrastructure,1980,International Trade / Development,2586
594,A68BBe2bDba36E4,"Harrell, Wagner and Snyder",https://molina-dodson.com/,Hungary,Ameliorated asymmetric circuit,2018,Education Management,7679
595,CF994a5e514f247,Townsend-Welch,https://www.hurst.com/,Solomon Islands,Cross-platform grid-enabled process improvement,2018,Religious Institutions,5547
596,aa873bA4aEf3c16,"Case, Avery and Zuniga",http://www.parker-dalton.com/,Monaco,Triple-buffered asynchronous flexibility,1991,Entertainment / Movie Production,7671
597,0BcE557FEb98Bdc,Mayo-Lane,http://www.paul.com/,United States Virgin Islands,Front-line fresh-thinking analyzer,1979,Publishing Industry,361
598,ADbc3dc697ebef9,Cardenas-Huffman,http://riddle-mccall.com/,Saint Lucia,Re-engineered 24hour solution,1982,Luxury Goods / Jewelry,6041
599,3AbB3f3Bb9c1c3C,Wallace-Hines,http://www.molina.com/,Hungary,Object-based multi-state data-warehouse,2015,Utilities,5573
600,CD437b1b90e7D3C,Roach-Oneal,https://frederick.com/,Montenegro,Vision-oriented user-facing website,2008,Apparel / Fashion,2854
601,EAe5E1a9FD8CD1d,Parrish-Avila,https://blake-pollard.com/,Rwanda,Universal radical structure,1996,Railroad Manufacture,4626
602,e90aad8ecC4D7Ec,Mckee Inc,http://fields.biz/,Tanzania,Quality-focused bifurcated service-desk,1981,Package / Freight Delivery,7878
603,67c2eeba523aCac,"Hahn, Cobb and Cline",https://www.gross-rivera.com/,Pitcairn Islands,Stand-alone high-level circuit,2014,Judiciary,6646
604,5B3567Fb3C8BB78,"Haas, Oliver and Osborn",http://lawson.com/,Mauritius,Inverse background forecast,1987,Import / Export,6789
605,bEbDBffB7a060b6,"Gaines, Gomez and Madden",http://www.waters.com/,Israel,Triple-buffered empowering strategy,2008,Oil / Energy / Solar / Greentech,1132
606,53a8263EDeC77Ba,Blair LLC,http://www.valdez-young.info/,Libyan Arab Jamahiriya,Compatible even-keeled artificial intelligence,2006,Market Research,989
607,a0DCF3Bcf1addEA,Gordon and Sons,http://www.taylor.biz/,Bulgaria,Organized executive middleware,1970,Cosmetics,4815
608,91ba1665eEb4D22,"Cohen, Saunders and Curtis",https://todd.com/,Albania,Cloned modular benchmark,1972,Other Industry,1999
609,EfeC11cA6A7F3A0,Castro-Hill,http://www.ewing.com/,Korea,Switchable transitional workforce,1992,Alternative Medicine,4155
610,71CB5bb4c0E418f,Roman Ltd,https://gardner.com/,Mauritius,Centralized neutral budgetary management,2019,Transportation,1888
611,0052ABdaff57DaC,Donovan-Christian,https://www.hatfield.biz/,Denmark,Adaptive optimizing function,1972,Broadcast Media,4544
612,a2A1fCeeD2Eb3C9,Jacobson-Wang,https://coleman-owens.com/,Gibraltar,Triple-buffered foreground software,1972,Alternative Medicine,68
613,d2B69eFEdFF6f87,Garcia Group,https://bender-winters.com/,Congo,Multi-tiered bifurcated Graphic Interface,1983,Real Estate / Mortgage,818
614,33dDaAc27baFc92,Everett-Duke,http://dickson.com/,Romania,Innovative empowering infrastructure,1999,Package / Freight Delivery,9578
615,ACdff0Ed4a87223,"Matthews, Gilbert and Richardson",https://www.lambert.biz/,United Kingdom,Secured analyzing data-warehouse,1981,Graphic Design / Web Design,2273
616,45EA8CA6e8ef04f,Pena Inc,https://www.osborne.com/,Poland,Customizable homogeneous contingency,1990,International Affairs,2178
617,81e5ed37752AecF,Simon-Cabrera,http://www.benitez.biz/,Papua New Guinea,Ergonomic multi-state data-warehouse,2008,Design,5425
618,ac06371D52Dbb88,"Duran, Conrad and Potts",https://www.davila.com/,Sri Lanka,Devolved uniform challenge,2009,Import / Export,8838
619,0baed0CcD09B002,Bartlett and Sons,http://barrett.biz/,Macao,Intuitive asynchronous interface,2020,Aviation / Aerospace,7529
620,50D48830dc9A8ac,Soto-Perry,http://www.hester-gibson.com/,Antigua and Barbuda,Phased content-based archive,1992,Professional Training,7286
621,61Fa3f026289F8d,"Espinoza, Beasley and Jefferson",https://www.garrison-shields.com/,Togo,Team-oriented discrete customer loyalty,2013,Computer / Network Security,5315
622,Fda5EAa1EFc8169,Duncan Inc,https://donaldson-arroyo.com/,Lithuania,Diverse national knowledgebase,2020,Photography,131
623,A3A8d60aF487c75,Harris-Clarke,http://www.reilly.com/,Botswana,Cross-platform client-server interface,2016,Publishing Industry,6150
624,DDCe8F6ec509eFD,Wiley-Mcdaniel,https://www.mcmahon.com/,Korea,Public-key cohesive product,1993,Furniture,7175
625,C82Cee1027A60E8,Powell Group,https://mcclain.com/,Kenya,Digitized fresh-thinking throughput,2013,Chemicals,5802
626,6A4b8db76DFE7c8,Chase Inc,https://www.gates-middleton.com/,Saint Martin,Re-contextualized dedicated artificial intelligence,2016,Financial Services,505
627,ebdaFeFb1Fde197,Livingston LLC,https://gibbs-jennings.info/,Gibraltar,Universal system-worthy instruction set,1973,Machinery,4606
628,61521F79cd45a7b,King-Howard,https://www.mason-mcdowell.com/,Barbados,Devolved asymmetric analyzer,1977,Education Management,321
629,8DcdEAcaB4DF193,"Park, Gross and Kirk",https://forbes.com/,San Marino,Persistent 5thgeneration budgetary management,1973,Aviation / Aerospace,1561
630,41EF2a0F35C4fA7,"Porter, Schaefer and Fields",http://colon.net/,Kazakhstan,Synchronized high-level throughput,2005,Graphic Design / Web Design,6742
631,521B3D4a4BE241E,Meadows-Macias,https://www.maynard.info/,Costa Rica,Reduced heuristic capacity,2006,Transportation,904
632,B598519fDfC530B,Petty Group,http://www.scott-marks.info/,Bouvet Island (Bouvetoya),Reduced multimedia function,1985,Marketing / Advertising / Sales,8830
633,617EB4Da0D0Ade5,Griffith-Reyes,https://www.burnett.com/,Tokelau,Devolved systemic parallelism,1984,E - Learning,1020
634,A4c0C42A1ebE6e4,"Mcclain, Tucker and Mills",http://vaughn-malone.com/,Guyana,Monitored mission-critical definition,2020,Museums / Institutions,7429
635,Cc5E81A4Ab8de93,Hardin-Mcdowell,https://vance-arellano.com/,Sri Lanka,Operative mobile circuit,1994,Motion Pictures / Film,386
636,4c0ab3fc0Bd3e59,Brennan LLC,https://keith.com/,Ghana,Multi-layered regional approach,1996,Performing Arts,2037
637,B98b5b8944c73CD,Liu Inc,http://www.escobar-henry.com/,Holy See (Vatican City State),Devolved encompassing hardware,1986,Automotive,1905
638,405eE5eC62afBAC,Archer Ltd,https://www.patton.com/,Faroe Islands,Polarized static protocol,1988,Electrical / Electronic Manufacturing,4319
639,F9F00C309Cce4eB,Christian-Lynch,https://melendez-pearson.info/,Nicaragua,Enhanced fault-tolerant superstructure,1989,Wholesale,2252
640,A36BAb58C5edCe3,Roth Inc,http://www.hammond.net/,New Zealand,Optional next generation application,1997,Telecommunications,4427
641,A3CAcE5f8788eB6,"Webb, Curtis and Massey",https://hull-landry.net/,Micronesia,Decentralized even-keeled solution,1999,Recreational Facilities / Services,5722
642,ff2afd431a4389f,"Coffey, Ali and Glover",http://www.davis-fuller.com/,Niger,Exclusive reciprocal strategy,2002,Legal Services,3362
643,Ffb1A8AF4FEc7Ce,Vaughn LLC,http://www.bradley.com/,Botswana,Organized demand-driven capacity,1999,Food / Beverages,9751
644,2Ecb7041DC2ADf1,"Leon, Kaufman and Richmond",https://www.madden.com/,American Samoa,Quality-focused motivating process improvement,1983,Printing,3321
645,97bfC3C2f851B8B,"Byrd, Pace and Robles",https://johnson-serrano.com/,Belgium,Persevering executive protocol,1974,Research Industry,3081
646,534b4DCEB8CdECB,Gregory LLC,https://www.rich.com/,United States of America,Reduced fresh-thinking strategy,1979,Textiles,1682
647,eA9ae13Ec55d01E,Novak-Gates,http://tyler.com/,Svalbard & Jan Mayen Islands,Digitized transitional benchmark,1980,Translation / Localization,36
648,f9a2FB187bCDc9f,Beck-Vaughan,http://www.henderson.biz/,Cook Islands,Operative cohesive complexity,2020,Publishing Industry,5082
649,D8eAE5C3a1F27Ef,"Wilkerson, Luna and Brewer",http://oneal.biz/,Cyprus,Seamless 3rdgeneration open architecture,2009,Railroad Manufacture,3822
650,a51fFFfdB11CfF2,Murphy-Esparza,http://www.melton-carson.biz/,Bolivia,Reduced systematic forecast,2012,Venture Capital / VC,6030
651,Ec0E323aCd42b6e,Miles Inc,https://douglas.info/,Angola,Visionary scalable time-frame,1999,Dairy,3250
652,8d3D540Be95fb0e,Griffin-Mahoney,http://www.knapp.org/,United States Virgin Islands,Multi-channeled didactic open system,1991,Mining / Metals,7637
653,dFfc100FCCdc16D,"Parker, Garza and Mcintosh",https://www.luna.com/,American Samoa,Optimized systematic alliance,1972,Glass / Ceramics / Concrete,7720
654,af8Ed38Dd67200D,Mclean-Boyle,https://morton.com/,Niger,Compatible static Graphical User Interface,2017,Recreational Facilities / Services,8935
655,d2cb5B5e5AC938A,Bradley PLC,http://www.yates.com/,Eritrea,Synchronized secondary project,2004,Packaging / Containers,9343
656,3d97Cd90189d7EE,Lowe-Harper,https://hess.net/,Western Sahara,Decentralized maximized support,1975,Aviation / Aerospace,4331
657,dE596ab67E93e2d,Riley-Hodge,http://www.macias-velasquez.net/,Egypt,Profit-focused 24/7 frame,2000,Translation / Localization,9307
658,E62Dfc6a5f4D9AF,"Anderson, Swanson and Cummings",http://beard.com/,Lithuania,Fully-configurable dynamic framework,2002,Wholesale,6596
659,CEFBAaEE9E02DFF,"Anderson, Snyder and Finley",https://sullivan-acevedo.biz/,Thailand,Face-to-face attitude-oriented approach,2016,Sporting Goods,8193
660,d7e36A468eeE59f,Ross and Sons,https://jones.com/,Peru,Sharable bandwidth-monitored orchestration,1992,Medical Equipment,5685
661,D60EB560ccf800f,"Neal, Maxwell and Moore",https://gutierrez.com/,Haiti,Open-architected discrete collaboration,2006,Business Supplies / Equipment,8738
662,32Dffb53469eA98,"Yates, Massey and Ortiz",http://www.sutton-lambert.com/,Christmas Island,Secured leadingedge infrastructure,1995,Computer Hardware,6330
663,bafeFC8C48EFD29,Sparks and Sons,https://www.delgado.com/,Moldova,Centralized user-facing adapter,1983,Staffing / Recruiting,6733
664,c6A9ED6D253b628,"Curry, Villa and Bauer",https://www.hoffman-hancock.info/,Wallis and Futuna,Monitored national monitoring,1970,Motion Pictures / Film,6953
665,b40e9aBb87c7a77,Mcconnell-Ballard,http://www.barajas.biz/,Somalia,Versatile tangible hub,1984,Ranching,6843
666,d0B5D62f4ba941f,Rowe-Horton,http://www.oneal.com/,Argentina,Cross-platform stable flexibility,2007,Renewables / Environment,5422
667,5f9CcEF7f1B7Fe9,Harmon-Arellano,http://www.simmons.net/,Slovenia,Function-based client-driven data-warehouse,1993,Sports,5411
668,6EADf7EDff2354B,Lawrence-Vaughan,https://benton-manning.net/,Slovenia,Exclusive incremental process improvement,1998,Ranching,2999
669,FE7fbd9a048C647,"Parsons, Bradshaw and Waller",https://warner.com/,French Southern Territories,Optimized interactive Graphic Interface,2021,Philanthropy,275
670,fff54EBcb7F443b,"Phillips, Gomez and Rocha",https://www.romero-alexander.com/,Bangladesh,Advanced global open architecture,1981,Telecommunications,5299
671,e82EC3fEFC5aC80,"Ochoa, Hodges and Jacobson",http://www.herman-daniel.com/,India,Inverse systemic ability,2003,Alternative Dispute Resolution,8891
672,4D5DEaBDeeF638a,"Pham, Owens and Frost",https://cochran-rojas.com/,Yemen,Persistent leadingedge neural-net,2007,Automotive,9158
673,f38fA25e81C049A,Young Inc,https://www.padilla.com/,Ukraine,Sharable human-resource contingency,2007,Maritime,5033
674,6D6FfdeD2ca1FE8,Caldwell-Burns,https://shepherd-wilkins.com/,Sierra Leone,Mandatory even-keeled support,1988,Government Relations,3651
675,A4b5BDC21c0C9d1,Hampton-Sheppard,http://www.mcdowell.net/,Montserrat,Advanced national Graphic Interface,2017,Leisure / Travel,4005
676,a8954a402A90E7f,"Norman, Christian and Johnston",https://www.dorsey.org/,Kyrgyz Republic,Pre-emptive didactic firmware,2000,Graphic Design / Web Design,2685
677,E84E97Db7bFADED,Hobbs Group,https://bailey.com/,Brunei Darussalam,Polarized client-driven migration,1999,Logistics / Procurement,1145
678,A3B8d27d51aae2f,"Hanson, Newman and Bradley",http://www.shepherd.com/,Algeria,Customizable fresh-thinking task-force,2021,Individual / Family Services,2135
679,083a6D31f06e9Ef,Winters-Mayo,http://www.hays-mcneil.com/,Morocco,Managed cohesive neural-net,1971,Computer Networking,6429
680,Cf0a4665dBF7eA5,Morrison-Cooley,http://sims.com/,Qatar,De-engineered encompassing hub,2018,Maritime,6425
681,F26d5291f783AF6,Daugherty LLC,https://www.madden.com/,Taiwan,Future-proofed 4thgeneration knowledgebase,2012,Wholesale,1344
682,dba9FaA3ACCB9fd,Dean LLC,https://www.gardner.com/,Mauritania,Profit-focused multi-state groupware,2019,Library,5297
683,a9AACe4Ae9Da4E5,Herrera Ltd,https://faulkner.net/,Colombia,Cloned cohesive budgetary management,1987,Military Industry,4066
684,202711f5928a3Ce,Hartman Ltd,http://melton-sharp.com/,Nigeria,Down-sized coherent array,1996,Supermarkets,404
685,dbD7B6dE8572A5e,Robles-Kane,https://rhodes.biz/,Taiwan,Public-key scalable software,2009,Mental Health Care,5835
686,5DBFfAD3Fed38C9,"Williamson, Howe and Mckenzie",https://www.moody-arellano.biz/,Wallis and Futuna,Secured full-range intranet,2007,Ranching,9419
687,722A53cBc046caC,"Carlson, Vargas and Carroll",http://www.gordon-thomas.com/,Georgia,Sharable incremental interface,2018,Ranching,9503
688,e5B3afFDE7c8b0B,Hardy Ltd,http://www.howe-soto.com/,Saint Vincent and the Grenadines,Reduced modular hierarchy,2009,Executive Office,7638
689,ad7efF8656d0CEb,Mcdaniel Inc,http://www.gill-clayton.com/,Sao Tome and Principe,Re-engineered 6thgeneration solution,1989,Primary / Secondary Education,4900
690,11CFd4acB1B382a,"Ortiz, Robbins and Burch",http://woodward.biz/,Namibia,Vision-oriented value-added toolset,1991,Transportation,9661
691,26b1EbD5acBBB3b,Preston Inc,http://www.knight.info/,Northern Mariana Islands,Programmable grid-enabled capability,2015,Mental Health Care,7936
692,3EdC8528529B302,Hunt LLC,https://arroyo-liu.com/,Congo,Ameliorated contextually-based paradigm,1972,Religious Institutions,6176
693,513f535882AFD7D,Turner-Brennan,http://barnes.info/,Guyana,Focused encompassing flexibility,1972,Packaging / Containers,1852
694,bc8cFBCeAf2d9AB,Walker-Marshall,http://galvan.com/,Niue,Focused multi-tasking open system,2017,Business Supplies / Equipment,8537
695,AfCBE39D8b0b2f6,Bolton-Odom,http://duncan.com/,Botswana,User-centric reciprocal support,1979,Utilities,7241
696,5022C998EdEAda1,Jackson Group,http://www.haney-bailey.com/,Austria,Universal optimal access,1984,E - Learning,8940
697,8fAb31Bb8ff1cAb,Key Inc,https://cross.com/,United States Virgin Islands,Multi-layered tertiary interface,1974,Alternative Dispute Resolution,3195
698,E0eC4e5DfFb76fc,Warner LLC,https://www.villarreal-chen.org/,Malawi,Ergonomic executive flexibility,1987,Glass / Ceramics / Concrete,2567
699,BbB37875dD4E34b,Evans-Hardin,http://reed.biz/,Luxembourg,Persistent non-volatile moderator,2002,Investment Management / Hedge Fund / Private Equity,5866
700,BBB5AB4B0Aad7a3,Meza-Carroll,http://www.walker.net/,Azerbaijan,Exclusive 4thgeneration synergy,1975,Packaging / Containers,8073
701,1deca49C981ED6C,"Ferguson, Frost and Estrada",http://www.cooper-madden.com/,Sierra Leone,Intuitive system-worthy projection,2001,Dairy,7383
702,cC88150B8ECad8c,"Villa, Levy and Mays",https://www.lyons.biz/,Barbados,Networked demand-driven success,1976,Packaging / Containers,4619
703,A5eFE944AF3a2Cc,Chan-Coffey,https://morris.org/,Suriname,Customer-focused regional collaboration,1986,Civic / Social Organization,1818
704,7dB53b8Ca40AB0D,"Hopkins, Shea and Bishop",https://www.wolfe.com/,Bouvet Island (Bouvetoya),Advanced web-enabled focus group,2014,Venture Capital / VC,1878
705,3cd16e50ac72572,Blackwell-Carson,https://www.wilkins.com/,Japan,Switchable zero tolerance methodology,1974,Oil / Energy / Solar / Greentech,3389
706,f8e394bbAbDB0B5,"Huerta, Macdonald and Olson",http://byrd.com/,Heard Island and McDonald Islands,Fully-configurable fresh-thinking core,2001,Primary / Secondary Education,6932
707,0BE7686B0a6Ac5e,Harmon-Dillon,https://www.pitts.com/,Niger,Vision-oriented regional contingency,1975,Military Industry,9188
708,C6eB96aCC73BAa0,Bradshaw-Orozco,http://stewart.com/,Burundi,Focused multi-state matrices,1973,Information Technology / IT,3619
709,bfCDDA5fcd1719E,Clay-Bentley,https://lambert.net/,Madagascar,Visionary disintermediate functionalities,1999,Venture Capital / VC,734
710,E67E4dEad7f7aC8,Ayala-Bradshaw,https://www.bishop.com/,Central African Republic,Object-based contextually-based system engine,2000,Library,5977
711,E4aB704c16528fb,"Stevens, Nguyen and Williams",https://roth.info/,Turkey,Diverse intermediate superstructure,1996,Telecommunications,2567
712,F9ae27b0F6C2BDa,"Hebert, Willis and Bates",https://www.hurley.com/,Namibia,Configurable client-server time-frame,1993,Mining / Metals,8012
713,a47abB5cC5b47a8,"Lowery, Campbell and Cardenas",http://www.cain-hancock.net/,Sri Lanka,Streamlined coherent time-frame,1999,Library,4494
714,8C61B6AD9F43f7d,Pruitt-Levy,http://www.flowers.com/,Zambia,Triple-buffered scalable capacity,1998,Wholesale,5827
715,ef56BDcE48dE5fF,Neal-Nicholson,http://keith.info/,Central African Republic,Implemented homogeneous concept,2006,Wine / Spirits,5523
716,0Aab0BAaD1D0622,Lopez-Taylor,http://farrell.org/,Bahrain,Mandatory uniform data-warehouse,1973,Import / Export,4813
717,2D2dDf75458FEFF,Nelson PLC,http://fuentes.com/,Zimbabwe,Horizontal upward-trending collaboration,2000,Maritime,511
718,96Ea3D3D5BcDfAB,"Koch, Stephenson and Wilcox",http://strong-cabrera.net/,Portugal,Synergistic demand-driven leverage,2016,Biotechnology / Greentech,3930
719,0eE2Bc3C819DB3B,"Kim, Santana and Coleman",http://www.fischer.com/,Libyan Arab Jamahiriya,Switchable bifurcated hub,2007,Arts / Crafts,3192
720,44b829ad3ABbDF3,Middleton PLC,http://www.mcguire.com/,Benin,Profound impactful adapter,1994,Medical Practice,6412
721,D8Bf7AEBbBaEEf0,Tanner-Hanna,http://drake-baldwin.com/,Indonesia,Monitored local collaboration,2020,Alternative Dispute Resolution,5429
722,ACd06BbA8bcF9Ee,Simmons-Farmer,http://www.vance.org/,Togo,Centralized impactful architecture,2007,Higher Education / Acadamia,8162
723,A32fecebff1Cb82,Salas-Zamora,http://castro-carson.org/,Mali,Open-source stable focus group,2019,Facilities Services,8973
724,bda0bDC8fCfE2ef,"Finley, Gibson and Stanton",http://www.randall-cameron.info/,Solomon Islands,Fundamental non-volatile customer loyalty,2015,Music,4490
725,e9A2CFF3Ad949dF,"House, Luna and Obrien",http://braun.net/,Saint Helena,Configurable even-keeled Local Area Network,1971,Tobacco,7071
726,699E5B0Fe674695,"Henderson, Garrison and Melendez",https://boone.info/,Cocos (Keeling) Islands,Intuitive human-resource methodology,2014,Publishing Industry,9686
727,33B92c3FcCbb89a,Oconnell-Leonard,https://maynard.com/,Malta,Reduced intangible function,1998,Program Development,6499
728,BDf0A8f19a6EdFC,Brady and Sons,http://maddox-castaneda.com/,Mauritius,Secured user-facing secured line,2016,Shipbuilding,5711
729,1Be6a4d6E6E3c83,"Huber, Ferrell and Eaton",http://andersen.com/,New Caledonia,Stand-alone multi-state moderator,2004,Events Services,4978
730,b660c6fFcBEdEe4,Jensen Group,http://www.marks.com/,Peru,Programmable context-sensitive initiative,2013,Consumer Services,569
731,aFC46D7fACeCD9b,"Blevins, Compton and Peck",https://melendez.org/,Korea,Digitized user-facing middleware,1996,Public Relations / PR,9178
732,CFDC39F4995fBac,Mann-Hobbs,https://arias.com/,Sri Lanka,Up-sized user-facing frame,1995,Packaging / Containers,7171
733,cBd16B4174DED61,"Shaw, Yang and Morton",https://dawson-russell.com/,Cuba,Self-enabling composite alliance,1985,Gambling / Casinos,8841
734,f23Aac06f6aa721,Hale-Hurley,http://rollins.info/,New Caledonia,Open-architected incremental structure,1998,Fundraising,1151
735,a483cd7F7b486b4,Davis-Mclean,http://www.cherry.info/,Ethiopia,Ergonomic systemic hardware,1995,Security / Investigations,3427
736,eA1f8061FB23fd4,"Pena, Davies and Perry",https://everett.com/,Uruguay,Upgradable optimizing approach,2018,Mechanical or Industrial Engineering,5067
737,F40fC5a648c53F3,Glover-Castaneda,https://www.romero.com/,Aruba,Ergonomic national productivity,1990,Research Industry,6515
738,9f6Bcacc16617a5,Conner-Murphy,https://www.riddle-allen.info/,Nicaragua,Synchronized scalable monitoring,2021,Shipbuilding,3921
739,6bDeEB7334ec8A1,Graves LLC,https://marquez.com/,Cambodia,Reverse-engineered mission-critical extranet,2013,Plastics,7150
740,DFCaDAD69fE1D2A,"Guerra, Drake and Rangel",https://hartman.info/,Cambodia,Networked user-facing application,2005,Warehousing,305
741,CA33A2179c10DAA,Ford PLC,https://butler.com/,Lithuania,Operative real-time throughput,1989,Think Tanks,3691
742,f735adc8E8d53F4,"Giles, Ingram and Figueroa",http://kim-frank.net/,Kyrgyz Republic,Adaptive mobile methodology,1976,Railroad Manufacture,9719
743,ce8fEAC6b8C8e44,"Simpson, Macdonald and Key",http://www.george.net/,Jordan,Exclusive demand-driven moratorium,1998,Import / Export,3289
744,23A677cECd2bcac,Martinez-Boone,https://mckee.com/,Ecuador,Synergistic systematic analyzer,2004,International Affairs,6346
745,eaa4e1Cf00eE3C2,Wilkins LLC,http://www.ford.com/,Bouvet Island (Bouvetoya),Mandatory dedicated customer loyalty,1990,Sporting Goods,7349
746,a079E193B967d3c,Brooks-Riggs,https://www.williamson-murray.org/,Tunisia,Face-to-face intermediate collaboration,1982,Maritime,1912
747,E898490F4B5CCBB,Fields-Townsend,https://fields-hensley.com/,Ethiopia,Sharable responsive encoding,1994,Food Production,4635
748,CaD9CFce4E830Ea,Howard-Patton,http://mcbride-lutz.com/,Slovenia,Front-line static ability,1994,Legislative Office,1808
749,Dd7B5CBf5bc8FB8,Park-Gomez,http://baxter.biz/,Georgia,Focused 24/7 leverage,1998,Luxury Goods / Jewelry,8228
750,bA907c2aCBc34bA,Huerta-Stephens,https://www.contreras-phelps.com/,Central African Republic,Centralized stable budgetary management,1994,Industrial Automation,2090
751,385e653DeD0Cd95,Holmes Ltd,https://www.schmidt-lambert.net/,Taiwan,Phased homogeneous Internet solution,1989,Telecommunications,7901
752,66A20e88e4aF33E,"Vazquez, Mendez and Morris",http://www.mccullough-robbins.com/,United Arab Emirates,Pre-emptive zero-defect workforce,1981,Fundraising,6978
753,BBBc6F2b5B4BEaF,Choi-Briggs,http://conway.com/,Saint Kitts and Nevis,Streamlined dynamic installation,2010,Computer Software / Engineering,1377
754,0FbFeDa9D5E0B69,Page-Mcmahon,https://www.brandt.net/,Burkina Faso,Cloned 6thgeneration structure,1995,Warehousing,3958
755,9BabC39950bb2aa,"Mcdonald, Williamson and Reese",https://lucas.biz/,Maldives,Robust background challenge,1972,Other Industry,9501
756,70054Ee57D058B3,"Adkins, Sloan and Burton",http://crawford.com/,Montenegro,Configurable human-resource encoding,1999,Computer / Network Security,2431
757,EBcF126fE9fdEAD,Boyle-Beard,http://www.fisher.com/,Cyprus,Visionary empowering help-desk,1985,Political Organization,9283
758,B73B0DeeDeeCCa0,"Flynn, Taylor and Herman",http://www.summers-collins.net/,Guyana,Secured transitional strategy,1981,Luxury Goods / Jewelry,5050
759,4d6a2a19bf95Fc4,"Hurst, Camacho and Gill",http://www.beard-little.com/,China,Mandatory encompassing system engine,1981,Venture Capital / VC,802
760,dFD2Cf9485B11c6,Richards-Zimmerman,http://vasquez-macdonald.biz/,Fiji,Open-source interactive initiative,2018,Public Safety,8249
761,BeFFBE7Ee550703,Prince Ltd,http://www.stafford-reed.com/,Switzerland,Right-sized clear-thinking Graphic Interface,1971,Hospitality,8500
762,dc421A3a9B6D50d,Beltran Group,https://www.mosley-nolan.com/,Grenada,Open-architected next generation artificial intelligence,1997,Program Development,7613
763,CdF2e85CA8a7cfa,Camacho Ltd,http://www.leonard.com/,Isle of Man,Reduced clear-thinking adapter,1982,Chemicals,8710
764,E0dA4a69658eaCa,Wall-Mcconnell,http://www.carr.com/,Central African Republic,Configurable real-time protocol,2006,Building Materials,4491
765,736e0C8368E8f3D,Vazquez LLC,http://berg.net/,Faroe Islands,De-engineered system-worthy secured line,1979,Oil / Energy / Solar / Greentech,3136
766,F21Ac01c1C5f5fF,Powers-Francis,http://www.flores-cochran.org/,Guatemala,Grass-roots transitional open architecture,1988,Marketing / Advertising / Sales,8184
767,A76cD8Bc06ccF18,"Mullins, Bird and Kirk",http://keller.com/,United Kingdom,Sharable uniform help-desk,1993,Oil / Energy / Solar / Greentech,4804
768,Df39abf66AE4D0C,"Romero, Austin and Gentry",https://cooper-nash.com/,Brunei Darussalam,Organized upward-trending array,1990,Railroad Manufacture,8213
769,5b615bB933cd1c8,Santos-Howard,http://stewart.biz/,Montenegro,Versatile full-range contingency,2003,Machinery,4475
770,a31Ed2D9f41D8Ff,"Beck, James and Soto",http://www.decker.net/,Portugal,Visionary cohesive function,1992,Fishery,8712
771,83E82BCddD89CB1,King-Weaver,https://www.gay-fox.com/,Sri Lanka,Managed modular matrices,2019,Alternative Dispute Resolution,1888
772,4C9B19Ed3ddAb6f,"Gray, Khan and Poole",http://buchanan.com/,Saint Kitts and Nevis,Virtual leadingedge knowledge user,2007,Financial Services,2913
773,7adE1D82D2AC863,Ochoa-Mason,http://calderon.biz/,Antarctica (the territory South of 60 deg S),Implemented systemic protocol,2011,Biotechnology / Greentech,7205
774,3c08339AF3bb8C8,Medina-Wells,https://flynn.com/,Andorra,Streamlined tangible intranet,1986,Online Publishing,8575
775,D32a80Fda087d06,Hood Ltd,https://www.ferguson.net/,Norway,Secured leadingedge groupware,2009,Plastics,7370
776,7dc8C8Cd1fF23Fe,Briggs-Delacruz,https://www.burnett-sparks.com/,Georgia,Reverse-engineered bottom-line customer loyalty,2006,Glass / Ceramics / Concrete,3098
777,e222dEFcAC1CAfA,Mitchell-Ponce,http://giles-lozano.com/,Trinidad and Tobago,Seamless static knowledge user,2005,Media Production,4260
778,Bf1cc30FEBed38C,Guzman PLC,http://marsh-callahan.info/,Antarctica (the territory South of 60 deg S),Optimized contextually-based model,1987,Judiciary,481
779,B4fF489AcfE154D,Rosales Inc,http://ware-castillo.com/,Lebanon,Enterprise-wide object-oriented capacity,1986,Staffing / Recruiting,4470
780,be63F1F5aC0aEF2,Ibarra-Klein,http://www.ellis.com/,United States Minor Outlying Islands,Expanded value-added complexity,1985,Oil / Energy / Solar / Greentech,8107
781,4c3ac124ddEDBDC,"Bentley, Blake and Mclean",http://www.wells.com/,Libyan Arab Jamahiriya,Managed dynamic hub,1971,Chemicals,3254
782,944bb87Fc8A613e,Richmond-Conley,https://randall.com/,Bolivia,Exclusive 4thgeneration capacity,1997,Political Organization,6412
783,062Fdfdc5aa37F9,"Wilkinson, Pope and Roach",http://sawyer.biz/,Jamaica,Fully-configurable bifurcated orchestration,2009,Fine Art,5959
784,3899d932C149E5C,Macias-Patton,https://www.ferguson-bradford.com/,Brazil,Profit-focused mobile analyzer,1990,Wholesale,6403
785,eB1f0A485FF5c50,"Oliver, Flores and Pena",https://www.merritt.com/,Austria,Triple-buffered local contingency,1994,Medical Equipment,2587
786,3CCE7ee2c078d51,Malone and Sons,http://jensen-mccormick.com/,Fiji,Self-enabling 24hour benchmark,2013,Program Development,4587
787,Faab8cD18652E38,Mcknight-Brewer,https://buckley-rowe.info/,South Georgia and the South Sandwich Islands,Centralized tangible system engine,2012,Health / Fitness,604
788,9A7CDebe1207c72,"Tapia, Bush and Brandt",https://vance-mcknight.com/,Liberia,Assimilated human-resource success,1976,Banking / Mortgage,3378
789,a9a62AbC02ECeEB,"Wood, Stark and Jacobson",http://www.liu-romero.com/,Congo,Proactive foreground website,2006,Telecommunications,8056
790,431E9ADdC53fFAA,"Cole, Wu and Cameron",https://pena.net/,Yemen,Balanced systemic toolset,1992,Environmental Services,2491
791,86d2e984d41aA0b,Carney-Heath,https://cross.com/,Macao,Optional value-added initiative,2019,Publishing Industry,5563
792,b0e440Da717EFF9,Joseph-Stein,https://www.moses-mccarthy.org/,French Southern Territories,Innovative uniform structure,1990,Defense / Space,7825
793,dfED388E08b676F,Kent-Nolan,http://www.sweeney.biz/,Indonesia,Advanced zero tolerance success,2007,Oil / Energy / Solar / Greentech,7161
794,e4C640af4AA845a,Reed Group,http://herrera-carroll.info/,Angola,Adaptive reciprocal matrix,1976,International Affairs,4531
795,FbC70F10EAF8139,"Willis, Davenport and Mueller",http://www.burgess.com/,Philippines,Focused asymmetric productivity,2002,Chemicals,2443
796,8CCaE37E4f5e4AA,"Meza, Morales and Booker",http://www.case.biz/,Slovenia,Quality-focused client-driven system engine,2014,Mining / Metals,6662
797,880f187ba4FEAEC,Valentine and Sons,https://conner.net/,Swaziland,Streamlined 5thgeneration hardware,1986,Legislative Office,2835
798,eE4AA1DC0265e0e,Dennis-Bridges,https://www.woods.com/,Antarctica (the territory South of 60 deg S),Front-line human-resource solution,1991,Translation / Localization,648
799,5BdfDFBc17850BA,"Atkinson, Good and Burns",http://www.clark.com/,Western Sahara,Extended 6thgeneration monitoring,2005,Shipbuilding,1066
800,5E94b45Be9da540,Price and Sons,https://www.combs.com/,Iceland,Ergonomic fault-tolerant knowledge user,1989,Consumer Services,599
801,AfCb81d408C1cE5,Berry and Sons,https://patel.com/,Svalbard & Jan Mayen Islands,Digitized holistic archive,1975,Government Administration,4045
802,DC4aF0Ddc8ffCd7,"Mercado, Butler and Walsh",https://www.olson.com/,Peru,Fully-configurable composite concept,1998,Hospital / Health Care,8177
803,EF80e90DB608daF,"Mckee, Lewis and Hays",http://stanton-ramsey.com/,French Guiana,Compatible fault-tolerant core,2010,Airlines / Aviation,3583
804,fA6b111Df7ad1B1,"Avery, Owens and Suarez",http://compton.com/,Mongolia,Quality-focused 4thgeneration time-frame,2006,Commercial Real Estate,3366
805,Df3B3Ed4193D90f,Golden-Riddle,https://hancock-finley.com/,Lebanon,Grass-roots local methodology,1982,Investment Banking / Venture,4864
806,FFA47DAc1a190be,"Gallegos, Barrera and Camacho",https://www.wall.com/,Uruguay,Integrated 4thgeneration moderator,1991,Capital Markets / Hedge Fund / Private Equity,9146
807,eA97bd8ba314e13,"Irwin, Contreras and Mann",http://www.serrano.com/,Singapore,Progressive modular alliance,1989,Market Research,1191
808,B5dC0fB9bacce7b,Hickman Inc,https://bean-gallegos.net/,Saint Lucia,Extended 4thgeneration parallelism,2008,Architecture / Planning,5760
809,5e75d5Cd8BeB4DA,Norman-Ford,http://maxwell.info/,Ethiopia,Secured didactic application,2018,Financial Services,3382
810,075c31B4C14022E,"Estes, Gilbert and Blevins",https://mack-gay.info/,Vanuatu,Stand-alone logistical focus group,1994,Apparel / Fashion,5565
811,fa5c0d0BB84dfBe,"Mejia, Woods and Austin",https://wong.net/,Tuvalu,Synchronized global process improvement,2010,Alternative Dispute Resolution,1987
812,190F3Ec896BBA5f,Bryan Group,https://www.patel-bush.com/,New Zealand,Sharable global orchestration,2021,Banking / Mortgage,3079
813,FC4b2a657d1dC67,Suarez-Flynn,http://www.fitzgerald.org/,Mauritius,Stand-alone static analyzer,1998,Legal Services,9600
814,cCE52f95Ab4b6Fa,"Calhoun, Becker and Madden",https://burke.com/,Saint Helena,Advanced systemic intranet,1983,Civic / Social Organization,8073
815,0A2Ece7AE80f8A1,Wells Group,http://www.petty.com/,Marshall Islands,Exclusive fresh-thinking portal,2021,Maritime,1464
816,eBF8A3c04CaAf0e,Lopez PLC,https://www.mclaughlin-glass.com/,Tonga,Versatile hybrid collaboration,1995,E - Learning,444
817,656Fb1d3f3e8C27,Valencia Group,https://www.whitney.biz/,Seychelles,Customizable secondary secured line,1999,Higher Education / Acadamia,499
818,7EFE6660F3D6aFD,"Mcpherson, Davila and Richard",https://www.oconnell.net/,Reunion,User-centric asymmetric frame,1975,E - Learning,8856
819,0ADEd4af925C9ec,"Mcdonald, Jacobson and Fischer",http://www.bruce.biz/,Czech Republic,Self-enabling radical utilization,1975,Outsourcing / Offshoring,6572
820,F1d5c69DFb934Fb,Herring-Blake,http://collier.net/,Falkland Islands (Malvinas),Seamless motivating knowledge user,2002,Internet,2268
821,A5FFB6afd24D2Eb,"Horne, Cherry and Santana",http://bishop.com/,Azerbaijan,Networked executive customer loyalty,1981,Financial Services,7298
822,9FfF9F0Fd2dCAba,Mays-Beasley,http://carter.biz/,Montenegro,Decentralized content-based alliance,1972,Publishing Industry,7397
823,Ad103986bdbe6ad,Stuart Ltd,http://russell.com/,Azerbaijan,Future-proofed high-level Internet solution,2021,Luxury Goods / Jewelry,6472
824,54B4E33FacAf78E,Montes Inc,http://www.braun.biz/,Russian Federation,Automated heuristic Graphic Interface,2014,Railroad Manufacture,5365
825,8B43A3446Ad871c,"Scott, Simpson and Burch",https://www.zhang.com/,Dominica,Cross-group systematic contingency,1979,Furniture,4408
826,82abE4754dd57Dc,"Ellis, Ewing and Steele",http://dawson.net/,Taiwan,Universal multimedia knowledge user,1994,Mental Health Care,4111
827,Fc7Bdf3Cd8C1Dd6,"Rios, Huerta and Levy",http://www.curtis.net/,United Kingdom,Configurable optimizing interface,2010,Glass / Ceramics / Concrete,5011
828,55cc2D7816506BD,Holland Ltd,http://silva.com/,British Virgin Islands,Configurable client-driven project,1995,Plastics,5096
829,CFA53DFF1C6CFef,Cowan-Sanford,http://www.weeks.com/,Switzerland,Business-focused bi-directional budgetary management,2016,Shipbuilding,5200
830,D1f772a3528ecfC,Whitehead and Sons,http://rasmussen.com/,Bolivia,Stand-alone motivating alliance,2005,Oil / Energy / Solar / Greentech,338
831,D457875b76D0AD8,"Espinoza, Stephens and Spencer",http://www.hardy.com/,Central African Republic,Persistent bottom-line solution,2002,Glass / Ceramics / Concrete,3784
832,B963d1165e3d034,"Kane, Baldwin and Clayton",https://atkinson.com/,Syrian Arab Republic,Re-contextualized well-modulated database,1980,Library,9592
833,BFa9a7D5cd3Ea2c,Lowe LLC,https://padilla-gardner.info/,American Samoa,Right-sized zero tolerance archive,1971,Political Organization,7249
834,0d1c7d0eC478Eb3,Malone Group,http://www.blackburn-dodson.com/,Sweden,Face-to-face bi-directional process improvement,2011,Business Supplies / Equipment,9386
835,4226A8Ee50ed237,"Contreras, Bryant and Eaton",https://www.wheeler.com/,Saint Helena,Optional asynchronous monitoring,1992,Logistics / Procurement,5196
836,dc94cdF6d5BdDbD,Terrell Inc,https://mcintosh-copeland.org/,China,Persistent maximized challenge,1983,Food / Beverages,7961
837,2606F29EE3f97F5,"Good, Mcconnell and Ballard",https://riddle-carr.com/,Bahamas,Grass-roots systematic matrix,1991,Information Technology / IT,4089
838,CEfce1cac0ABcbE,"Chang, Solis and Beasley",https://www.moon-sherman.com/,Liechtenstein,Secured hybrid orchestration,2011,Staffing / Recruiting,3267
839,a98cb22E83AEc1a,"Yates, Hines and Cohen",http://cooley.com/,Hungary,Pre-emptive object-oriented website,2002,Computer / Network Security,6926
840,4d7bb84fD745aEE,"Flowers, Poole and Rose",http://www.clay.info/,Seychelles,Phased full-range hub,1994,Wholesale,7678
841,940BB95b4a70652,Greer LLC,https://www.dickerson.net/,Macedonia,Profound discrete architecture,2010,Think Tanks,9656
842,477cdCcC1e02aAD,Vargas Ltd,https://www.blair-stout.com/,Dominica,Universal next generation adapter,1989,Human Resources / HR,3162
843,0600c95D0e0BaE2,"Ali, Thomas and Steele",https://weeks.com/,Lithuania,Open-architected multi-state groupware,1996,Gambling / Casinos,6541
844,1f50128dFdaBD51,"Patterson, Reid and Randolph",http://joseph.com/,Saint Helena,Synchronized mission-critical archive,2018,Internet,3434
845,0Aa03DE0F49f09d,Calhoun and Sons,http://www.young.com/,Jordan,Proactive mobile artificial intelligence,1999,Government Administration,5723
846,039649AF41D4B93,"Riddle, Woodard and Lara",https://www.crane.org/,Saint Kitts and Nevis,Open-architected dedicated knowledge user,1975,Information Technology / IT,7338
847,C398a370CcfE05F,Cook-Dunn,http://www.dunn.info/,Gibraltar,Re-contextualized secondary algorithm,2009,Marketing / Advertising / Sales,6176
848,9AF2278d3Ae4DD2,Walker Group,http://weeks.net/,Palau,Compatible reciprocal firmware,2000,Civic / Social Organization,9952
849,1c01bcc0EFc5279,Moon-Stein,https://diaz.com/,United States Virgin Islands,Proactive stable Internet solution,2007,Individual / Family Services,5477
850,DdB3cF0ce1fDb2a,Graham-Hudson,http://robbins.com/,Martinique,Monitored hybrid projection,1988,Ranching,9392
851,aA31e3eCbfB4bB1,"Payne, Blevins and Bonilla",http://carter.com/,Ireland,Intuitive methodical projection,2012,Alternative Medicine,7649
852,C9AC8bb4B2F448F,Fisher PLC,http://weber.biz/,Monaco,Networked multi-tasking forecast,2007,Research Industry,2983
853,391e22a22E6C77A,"Sanchez, Pugh and Decker",http://faulkner-anthony.com/,Chile,Progressive directional Graphic Interface,2022,Alternative Dispute Resolution,8917
854,46671edeC7CF6Bf,Mcbride PLC,http://www.camacho.info/,Guernsey,Persevering non-volatile implementation,1986,Machinery,9376
855,c61dd4BB78351A7,Parrish Group,https://stanley.org/,Heard Island and McDonald Islands,Synchronized scalable moratorium,1988,Defense / Space,4308
856,FCBa7584a40a7f3,"Mercer, Bush and Moore",https://www.kent-holmes.org/,Mali,Switchable web-enabled help-desk,2002,Writing / Editing,9852
857,7777Bb883C34976,Padilla and Sons,http://www.reeves.com/,Malaysia,Cross-platform radical function,1998,Media Production,7222
858,5821AAeef8c02b9,Huerta-Gates,https://www.guerrero.info/,Mongolia,Open-architected 24/7 time-frame,2001,Market Research,2142
859,8ec1d69b7fD30a1,Wong Inc,http://bowers-stevenson.info/,Zimbabwe,Distributed static parallelism,1976,Performing Arts,2168
860,B8A269B56C88826,"Meadows, Howard and York",http://www.robertson.info/,Honduras,Configurable regional product,1997,Computer Games,6597
861,14Db63A4Ea4212F,Hayes-Larsen,http://www.olson-mayo.com/,Ecuador,Advanced transitional workforce,2005,Food / Beverages,5540
862,1d7F71d9CcfB7Ee,Herrera Ltd,https://rowe.com/,United States Minor Outlying Islands,Stand-alone contextually-based application,1981,Consumer Electronics,5244
863,EcC3BaF0677BF90,Holmes-Wise,https://www.savage.org/,Holy See (Vatican City State),Intuitive dynamic help-desk,2001,Mental Health Care,5662
864,98C2aE97C376CFD,"Glover, Roach and Alexander",http://abbott-bridges.com/,Gambia,Universal 24/7 toolset,1971,Apparel / Fashion,8383
865,CAf6DBd3B21A807,Mooney and Sons,https://strong-li.com/,Saint Lucia,Synergistic non-volatile challenge,2004,Renewables / Environment,488
866,73ab5e45c1e5B55,Hurley Group,https://roman.org/,Christmas Island,Reduced empowering analyzer,1987,Staffing / Recruiting,9469
867,E5eEd7ec70B2B04,May-Baird,http://www.freeman-myers.com/,Qatar,Advanced mission-critical methodology,2009,Government Administration,8399
868,183Edd689DBdE8f,Santana Group,https://kim.com/,Heard Island and McDonald Islands,Focused interactive Graphic Interface,2022,Fishery,8873
869,E86E20273da5dA7,Dixon Ltd,http://soto.com/,Jordan,Implemented web-enabled software,2018,Philanthropy,1397
870,a1dCf8bB0CFACA1,Beard-Hoffman,https://www.dean-callahan.com/,Turkmenistan,Centralized non-volatile monitoring,2004,Computer Games,5485
871,18c26Fd0FAD73e3,Murray-Meadows,http://velazquez-harmon.com/,British Indian Ocean Territory (Chagos Archipelago),Automated global installation,1996,International Trade / Development,9655
872,968234DAaF5CD2E,"Perry, Doyle and Arias",https://rodgers.com/,Saint Lucia,Switchable asynchronous initiative,1987,Oil / Energy / Solar / Greentech,9052
873,7ee2A52B24ae6Eb,Tyler-Holland,https://www.hampton-swanson.com/,Madagascar,Polarized systematic paradigm,1970,Banking / Mortgage,6020
874,e013D0D642FBfdc,Romero LLC,http://www.cruz-turner.biz/,United Kingdom,Intuitive 3rdgeneration Graphic Interface,1990,Investment Management / Hedge Fund / Private Equity,6827
875,5A1ABAaD8cF84Dc,"Adkins, Stewart and Lara",https://allison-blankenship.com/,Cuba,Streamlined directional capability,1988,Renewables / Environment,1715
876,34148d45b1E681e,Drake PLC,https://meyer.com/,Maldives,Distributed foreground contingency,1972,Museums / Institutions,6654
877,dB02Cc4a21Dbda7,"Short, Stark and Anthony",https://yang.biz/,Syrian Arab Republic,De-engineered reciprocal knowledge user,1978,Religious Institutions,811
878,FD9c7aFfa4Ce44d,Lara Inc,https://curtis.net/,Slovenia,Universal maximized leverage,2001,Motion Pictures / Film,2186
879,2e9EeB3CB58AfCD,Mejia Inc,http://bolton.com/,Cote d'Ivoire,Persistent stable workforce,1972,Luxury Goods / Jewelry,7578
880,9e9ec3BE1dED6D1,"Daniels, Hester and Spence",http://www.kent.com/,Latvia,Synergistic heuristic groupware,1980,Fishery,6822
881,cA8DFA738576eAD,Page-Estrada,http://www.berg.com/,Thailand,Horizontal zero tolerance groupware,2003,Apparel / Fashion,2633
882,440a5508578fcdc,Walls-Golden,http://www.bryan-guerra.net/,Saint Pierre and Miquelon,Multi-lateral optimal solution,2009,Architecture / Planning,5237
883,ec2DAe361f8bb30,Rogers Inc,http://ray-hinton.com/,British Virgin Islands,Extended value-added core,1979,Hospitality,886
884,DE8B77E4C7D5f6B,Patrick-Frank,http://hawkins.com/,Zambia,Customer-focused local hierarchy,2010,Events Services,4585
885,630Effa39F6F50d,Stewart Group,https://bradford.biz/,Isle of Man,Diverse 4thgeneration access,2016,Media Production,6085
886,83fB0Faf1F3421D,"Rubio, Mcintosh and Lewis",https://norton.biz/,Guernsey,Seamless context-sensitive Graphic Interface,2009,Ranching,2882
887,7D71D0cC5fBb4AF,Moon-Brewer,https://www.rowe.biz/,South Africa,Re-engineered tangible info-mediaries,1983,Furniture,226
888,94122A41A8a8481,"Charles, Velazquez and Woods",http://wilkins.org/,Korea,Function-based asynchronous firmware,2010,Cosmetics,6922
889,C2fA8baECC7d0F8,"Kramer, Meyers and Mckinney",http://www.salazar.com/,Gambia,Polarized user-facing emulation,1978,Renewables / Environment,2101
890,65Fe3122Fa4EFc6,Alvarado Ltd,https://www.haas-craig.com/,Papua New Guinea,Compatible foreground process improvement,2003,Graphic Design / Web Design,2386
891,bdF0C047E52CDC3,Reeves-Martinez,http://ali.com/,Germany,Pre-emptive systematic database,1974,Writing / Editing,6639
892,4cFce7fAB148cc8,"Peck, Rogers and Conrad",https://banks.com/,Greece,Versatile optimal knowledgebase,1987,Mechanical or Industrial Engineering,6458
893,56bDd78BBCdcca4,Novak PLC,http://www.lozano.com/,Bouvet Island (Bouvetoya),Mandatory attitude-oriented data-warehouse,1973,Non - Profit / Volunteering,5821
894,7cF53a7abbA2CA1,"Carter, Hodge and Franco",http://www.richards-bishop.biz/,Christmas Island,Quality-focused 5thgeneration portal,2019,Maritime,2191
895,e8a5ca6E4D17Fde,Waller-Mcfarland,http://www.perkins.net/,Slovakia (Slovak Republic),Extended upward-trending core,1982,Plastics,2055
896,f7441E4ACC9b9CA,"Hayes, Saunders and Richards",https://www.morris.biz/,Portugal,Customer-focused radical solution,2021,Medical Practice,2526
897,C8ee331607f5eba,Herring-Orr,https://www.middleton-sexton.com/,Germany,Reduced fresh-thinking extranet,2003,Financial Services,8986
898,b5811214D6a5dA3,Bridges Ltd,https://www.galloway.com/,Tuvalu,Networked explicit utilization,1997,International Trade / Development,1583
899,aB32a0ecE7D91dE,Walsh-Shelton,https://burgess.org/,Tunisia,Seamless static adapter,2001,Pharmaceuticals,9737
900,53bB589Efdb6118,George-Hamilton,http://perry.com/,Gambia,Open-architected motivating flexibility,1980,Medical Equipment,3399
901,5AadCaef5FF7aED,Hartman and Sons,https://holder.net/,Senegal,Configurable discrete algorithm,1987,Industrial Automation,8987
902,7aFb4a27BF2fcF7,Chen PLC,https://vang-faulkner.org/,Germany,Re-contextualized needs-based monitoring,2006,Environmental Services,3547
903,cbD3a52cB2c9EdC,Wilkins and Sons,http://tyler-mcbride.net/,Switzerland,Reverse-engineered eco-centric capacity,1994,Information Services,8335
904,b4ABaf98dA4ff0F,Mckay Inc,https://www.fleming.net/,Tajikistan,Visionary executive hierarchy,1974,Non - Profit / Volunteering,4823
905,f6025BcBbd3953e,Jennings-Drake,https://cordova.biz/,Cambodia,Total explicit projection,1977,Leisure / Travel,1422
906,7eeAadBEa1Fb554,Wolfe-Figueroa,http://delgado.com/,United Arab Emirates,Multi-layered value-added methodology,1999,Law Practice / Law Firms,6709
907,4fEfE84ab8d7CA2,Grant LLC,http://bass-ellison.info/,Ireland,Synchronized dedicated implementation,2012,Warehousing,2368
908,Ab2DB5c6c1A2A36,Ochoa-Vaughn,http://www.gardner.com/,Kyrgyz Republic,Ergonomic homogeneous database,2007,Ranching,4342
909,3ee4fbFFa7150bc,Rodgers LLC,http://www.butler-barron.org/,Congo,Extended system-worthy project,1980,Executive Office,1587
910,5BF4D472D771bd2,Ford-Stanton,https://sawyer-norton.biz/,Falkland Islands (Malvinas),Upgradable reciprocal complexity,2005,Wholesale,1903
911,9ec666e820D8B6c,Clements Group,https://www.parker-velez.net/,Guinea,Expanded global leverage,2017,Outsourcing / Offshoring,1615
912,D1ee04A587a0B6F,Mann-Mason,http://bender.com/,Faroe Islands,Multi-layered logistical access,2001,Business Supplies / Equipment,2726
913,edf22a5Aa2b21b7,Wilkins and Sons,http://petersen.com/,Tokelau,Managed zero administration orchestration,1996,Accounting,4615
914,08BCcf6Da86fbA2,Becker-Mann,http://www.mcpherson-harvey.com/,Congo,Customizable uniform capability,1973,Farming,795
915,94DB68A1DddE86f,Cortez-Gibson,http://levine.net/,Singapore,Cross-platform homogeneous capability,2006,Furniture,7581
916,c1FBDC26744C6A6,"Randolph, Trujillo and Frost",http://blanchard.biz/,Finland,Future-proofed encompassing challenge,1987,Online Publishing,4238
917,dEE2ebD7E3caC97,Allison-Spears,http://estrada-zhang.com/,Egypt,Extended static ability,2008,Broadcast Media,869
918,b02FD60CD7A494d,Parks Group,http://larsen.org/,Saint Vincent and the Grenadines,Open-architected background pricing structure,2011,Insurance,7625
919,BFFBbFAa3E7ccaB,Webster-Mclean,https://www.sparks-rosario.com/,Saint Vincent and the Grenadines,Face-to-face bifurcated leverage,1991,Music,5392
920,c3Cac3Fd9C5384e,Rhodes Ltd,https://lowe.com/,Tonga,Down-sized full-range protocol,2006,Health / Fitness,3565
921,a0f1cBF2b9Ddc4D,"Floyd, Novak and Cohen",https://davenport-owens.info/,Nicaragua,Cross-platform context-sensitive customer loyalty,2001,Philanthropy,8594
922,c6a1ABf0EAa97dB,Bennett PLC,http://www.ferguson.org/,Niue,Persevering stable firmware,2001,Aviation / Aerospace,8909
923,BeeF0bF7cABe089,Macdonald Group,https://gutierrez-robles.com/,Antigua and Barbuda,Multi-layered fresh-thinking website,2016,Individual / Family Services,778
924,D241fc3BFDEbfeA,"Mcconnell, Hardin and Heath",https://www.murillo-barton.com/,Netherlands,Profound multi-state migration,1994,Printing,5359
925,6eA03577Dc2F3C3,Collins Group,http://clay.info/,Andorra,Multi-lateral user-facing hierarchy,2002,Alternative Dispute Resolution,6644
926,3DdeB6ddCFC4f51,Mccullough and Sons,http://www.chase.com/,Cook Islands,Team-oriented empowering knowledgebase,1985,Publishing Industry,3634
927,EdbbccC6FfB97Ec,Farmer-Paul,https://www.church-frederick.biz/,Mongolia,Quality-focused well-modulated Local Area Network,2002,Capital Markets / Hedge Fund / Private Equity,6681
928,C087578943F19e4,Murillo-Woods,http://www.graves-rocha.net/,Bolivia,Upgradable bottom-line artificial intelligence,1981,Food / Beverages,7222
929,ddCe3797F22d3Ae,Trevino Group,https://guerra-thompson.net/,Benin,Cross-group scalable orchestration,2012,Renewables / Environment,3985
930,aEBEaf895EA8cbC,"Fitzgerald, Dunn and Edwards",https://www.bradshaw-alexander.com/,Malta,Switchable modular interface,2019,Military Industry,4200
931,AFEE981FbACdBE8,"Novak, Petty and Mcintyre",http://www.foley.biz/,British Indian Ocean Territory (Chagos Archipelago),Decentralized holistic interface,1979,Wireless,7809
932,77B0feBad6C4574,Oliver-Walter,https://bailey-hull.com/,Panama,Enterprise-wide fault-tolerant encoding,1995,Information Services,3910
933,e1e2eDe231A49AA,Silva-Ray,https://www.campbell-cowan.org/,Haiti,Realigned full-range utilization,2002,Capital Markets / Hedge Fund / Private Equity,7913
934,8a9190A50adf241,"Riddle, Leach and Gould",http://brown.biz/,Afghanistan,Programmable holistic collaboration,1991,Ranching,3695
935,60ABfeaf173aDba,Mckinney PLC,https://www.sampson.org/,Guadeloupe,Mandatory multimedia product,2001,Hospital / Health Care,7846
936,2E92e71EB9E6Fb7,"Hodges, Good and Kirby",http://www.velasquez.biz/,Haiti,Operative optimizing data-warehouse,2012,Computer Hardware,5703
937,3FCbAacC60B08cC,Kelley-Cantu,https://rubio.com/,Zimbabwe,Programmable tangible groupware,2018,Library,5526
938,812BeDce6135b6b,Lozano-Brooks,http://parsons-donovan.com/,Moldova,Down-sized multi-state capacity,2016,Gambling / Casinos,5730
939,BC470CFbb6ec176,Hicks PLC,http://www.fox-bowman.com/,Saint Lucia,Robust value-added superstructure,1979,Security / Investigations,880
940,E0ce45b0666Dd47,Morse PLC,https://www.cordova-ramsey.info/,Timor-Leste,Phased regional algorithm,2017,Supermarkets,9044
941,6Df0aE5c6992eb7,Rush PLC,https://welch-ward.com/,Saint Barthelemy,Pre-emptive regional frame,2009,Government Relations,1141
942,1C1bC158deE046b,"Barr, James and Gilbert",https://www.farmer-wilkerson.biz/,Cyprus,User-centric static alliance,1989,Paper / Forest Products,8147
943,97c26f0A0DBC10C,"Miranda, Bell and Sanders",http://www.bean.com/,Liberia,Virtual radical parallelism,1995,Fine Art,895
944,30aA99FBfaF7Ae0,"Coffey, Pope and Sims",https://www.webb-chaney.com/,Cuba,Operative leadingedge model,2013,Pharmaceuticals,6139
945,Ab2c152D2c10fA1,Montoya Group,http://www.henderson.net/,Micronesia,Progressive dedicated knowledge user,1970,Medical Equipment,6865
946,a329E38BC365Cd9,"Dominguez, Branch and Mcgee",http://www.austin.com/,New Caledonia,Multi-layered heuristic parallelism,2000,Railroad Manufacture,9858
947,A11b2cc54eAE95b,Fuentes Ltd,http://berry.com/,Bhutan,Mandatory scalable structure,2019,Industrial Automation,643
948,78EA4C2c1CB83aB,"Hansen, Chan and Molina",http://stevens.com/,Benin,Multi-tiered transitional policy,1994,Translation / Localization,8534
949,68Aa8DdF26E3acA,Willis-Skinner,https://www.mcclain.net/,Belize,Automated bifurcated interface,2014,Religious Institutions,2540
950,5447c8AAe9E73f4,Ballard and Sons,http://www.guerra-fernandez.com/,Nicaragua,Assimilated even-keeled protocol,1988,Apparel / Fashion,8756
951,Cb54d184eb3677f,Esparza LLC,https://lozano.com/,Cook Islands,Team-oriented transitional utilization,1994,Telecommunications,2776
952,82DeF5c9D6f513d,Carson-Salas,http://www.mullins.com/,Iceland,Virtual grid-enabled Internet solution,2021,Furniture,2253
953,9d7e4C3afD2392c,Mckee-Bonilla,http://www.charles.net/,Bolivia,Cross-platform heuristic model,2013,Leisure / Travel,157
954,d2eF4c24dA2D2A7,Espinoza LLC,http://www.marsh.com/,Armenia,Versatile regional database,1979,Law Practice / Law Firms,7668
955,8134a275F3fD175,Olson-Curtis,https://ayers.net/,Slovenia,Triple-buffered object-oriented challenge,1998,Individual / Family Services,2529
956,C44A5CdF9c829e3,Landry Group,http://www.morse.net/,Burkina Faso,Multi-layered analyzing attitude,2019,Chemicals,2273
957,ee1Adb78478Bf80,Logan-Chen,https://sheppard.com/,Burkina Faso,De-engineered modular throughput,1996,Industrial Automation,7532
958,0bCeBFCD12bcb7e,Gordon-Marshall,https://www.hendrix.com/,China,Object-based multi-tasking hierarchy,2019,Accounting,5282
959,496Ed1C0E85d7F5,Pollard and Sons,https://ritter.biz/,Gambia,Multi-channeled holistic Internet solution,1979,Insurance,3098
960,cce3B1c5F77bDF1,Bryan PLC,http://www.decker.com/,Gambia,Future-proofed mission-critical moderator,1986,Government Administration,8423
961,CDfba7A14A6ECea,Mckay and Sons,http://chen-baldwin.com/,Venezuela,Devolved disintermediate superstructure,1987,Government Administration,4906
962,02Fce43cb656920,"Dickerson, Dennis and Decker",http://www.stout-schneider.com/,San Marino,Digitized even-keeled system engine,1990,Oil / Energy / Solar / Greentech,1306
963,fE8bBB899EFcB06,"Caldwell, Shaffer and Woods",https://haney.info/,British Virgin Islands,Diverse context-sensitive solution,1974,Health / Fitness,959
964,ae4A6D29dbbAcff,"Thomas, Hudson and Reyes",http://www.beard-sandoval.org/,Montenegro,Reactive reciprocal archive,1984,Museums / Institutions,5311
965,7DAf5fE7C3B57e4,Wheeler and Sons,https://foley.com/,South Africa,Advanced neutral budgetary management,2011,Health / Fitness,3958
966,734Ae2A83a2C3DC,Sherman-Sutton,https://www.wu.biz/,Kiribati,Ergonomic executive functionalities,1972,Electrical / Electronic Manufacturing,3488
967,0DE4671F41341d6,Avila-Garza,https://harmon.com/,Austria,Devolved holistic matrices,1987,Computer Networking,4204
968,9ec72158e7c46d2,"Blackwell, Kidd and Shields",http://lester.org/,Bolivia,Multi-lateral object-oriented neural-net,1971,Higher Education / Acadamia,219
969,6b345D487EDF9DF,"Blanchard, Forbes and Mendez",https://www.ramsey-barber.biz/,Brunei Darussalam,Robust scalable conglomeration,1994,Import / Export,5533
970,C662BcEFcDcBFd0,"Khan, Trevino and Armstrong",http://www.griffith.net/,Uzbekistan,Cloned neutral synergy,1985,Legal Services,1559
971,fcDBf9Ac5F68EAa,Sanford LLC,http://ramirez.biz/,American Samoa,Robust homogeneous support,1980,Computer Hardware,3512
972,b9DbF9f1f3eb9b5,Norris Ltd,https://www.collins.info/,Rwanda,Cloned cohesive protocol,2006,Glass / Ceramics / Concrete,3416
973,6f8e7fE3ccFCB7C,Griffin and Sons,http://vasquez.net/,Australia,Distributed intangible algorithm,2000,Other Industry,7640
974,ca8e1DFBa7b1d8D,"Lewis, Frank and Pittman",https://www.wise-randall.com/,Central African Republic,Object-based user-facing parallelism,1985,Legislative Office,6628
975,a7B1B0c9B11Ae4B,Oconnor Ltd,https://collier-jarvis.com/,Norway,Open-architected national system engine,2019,Outsourcing / Offshoring,9774
976,Ff529EFa06CDDDB,Hanna-Richardson,http://www.ali.com/,Nicaragua,Ameliorated dynamic architecture,1975,Sporting Goods,8738
977,8c4d487caBCE6e9,Mcclain-Wilcox,https://www.nash.com/,Cameroon,Networked motivating structure,1981,Pharmaceuticals,1740
978,4da9eadf56d81a4,Cunningham and Sons,http://www.estes.com/,Turks and Caicos Islands,Organic user-facing methodology,1991,Import / Export,2190
979,4255E3e4ACf7ABF,Pearson-Fletcher,https://www.duffy.net/,Bolivia,Assimilated dedicated encoding,1987,Consumer Services,7374
980,bec776b6C8Ce1Ac,"Potter, Murillo and Garza",https://www.bruce.com/,Algeria,Synchronized transitional focus group,1977,Music,1552
981,2FFF9aC231a6768,Duffy and Sons,https://simmons.com/,Burkina Faso,Front-line analyzing protocol,2011,Insurance,5250
982,90BBF5C6D616DBF,Harvey-Horton,http://www.mejia.net/,Austria,Grass-roots secondary conglomeration,2007,Pharmaceuticals,3787
983,Fd815e01cdD2f00,Finley-Lee,http://www.wright.com/,Mexico,Exclusive next generation definition,1985,Utilities,6652
984,7ade65D42Df0D0f,Morse and Sons,http://www.santiago.com/,Serbia,Synergized 6thgeneration product,1975,Gambling / Casinos,1580
985,eB6f8cCC4C416e6,Johns-Pham,https://www.weeks-cruz.com/,Tunisia,Up-sized zero administration open architecture,2009,Oil / Energy / Solar / Greentech,4644
986,3DeebF49BD2fcE7,"Tucker, Rocha and Bonilla",http://www.ryan.org/,Anguilla,Synergized maximized leverage,2016,Library,8125
987,ecEDFb72DaEeBbC,"Mullins, Castaneda and Bernard",https://www.sampson.com/,Argentina,Proactive optimal structure,1998,Research Industry,8861
988,db0ECF7Ddcc3a7a,Alexander PLC,http://www.barker.biz/,Barbados,Expanded multi-state flexibility,1999,Financial Services,3866
989,73fAc61EFec51Cd,"Bass, Mcintosh and Harrison",http://lucero-bruce.com/,Jordan,Open-source directional conglomeration,1983,Insurance,2712
990,040bdDAFC73CB32,"Tanner, Lambert and Strickland",https://www.cantu.com/,Botswana,Versatile context-sensitive conglomeration,1985,Recreational Facilities / Services,5597
991,bFCb5cE5b9cEEFE,Nixon LLC,http://www.andersen-yu.com/,Tanzania,Reactive local ability,2019,Writing / Editing,7940
992,958CAbB9B17124D,"Vega, Miller and Calderon",http://www.joseph-contreras.com/,Cambodia,Sharable asymmetric monitoring,2012,Professional Training,8250
993,35762be17cA3D47,Howe and Sons,https://www.nunez.com/,Cocos (Keeling) Islands,Future-proofed didactic middleware,2007,Logistics / Procurement,1424
994,6fcB10dA7E6f9Df,Hood Ltd,http://www.berry.com/,Cote d'Ivoire,Customer-focused 4thgeneration Graphical User Interface,1972,Machinery,640
995,27CEbbbBCF4E17f,Curtis LLC,http://www.davenport.com/,Finland,Upgradable demand-driven success,1975,Philanthropy,36
996,e5CEc38aa9A580b,Bullock Group,https://medina-bernard.com/,Turkmenistan,Public-key scalable conglomeration,1998,Wine / Spirits,6547
997,cEF9B4675E4bBd0,Mason Inc,https://franco-walls.com/,United States of America,Distributed exuding initiative,2015,Law Enforcement,9723
998,9abEb8aaFd25E04,Houston and Sons,http://mcgee.com/,Kenya,Stand-alone multi-state neural-net,1981,Civic / Social Organization,5355
999,de5Fc71DE825bFc,Olson-Solomon,https://koch.com/,Cocos (Keeling) Islands,Virtual responsive moderator,2013,Investment Banking / Venture,3825
1000,3ddb89ecD83B533,"Maddox, Owen and Shepherd",https://www.hamilton.com/,Guinea,Reactive bottom-line pricing structure,2019,Animation,4467
